{
  "$schema": "https://schema.management.azure.com/schemas/2019-04-01/deploymentTemplate.json#",
  "contentVersion": "1.0.0.0",
  "parameters": {
    "coreEnvironment": {
      "type": "string"
    },
    "apimRsGroupCompany": {
      "type": "string",
      "defaultValue": "00"
    },
    "apimRsEnvironment": {
      "type": "string",
      "defaultValue": "dv"
    },
    "apimRsInstanceSuffix": {
      "type": "string",
      "defaultValue": "001"
    },
    "apiRsGroupCompany": {
      "type": "string",
      "defaultValue": "03"
    },
    "apiRsEnvironment": {
      "type": "string",
      "defaultValue": "dv"
    },
    "apiRsInstanceSuffix": {
      "type": "string",
      "defaultValue": "001"
    },
    "selfHostedGateway": {
      "type": "string",
      "defaultValue": "kd00apimg001"
    }
  },
  "functions": [],
  "variables": {
    "coreEnvironmentInShort": "[if(equals(parameters('coreEnvironment'),'prod'),'pr',if(equals(parameters('coreEnvironment'),'nonprod'),'np','dev'))]",
    "defaultLocation": "[resourceGroup().location]",
    "defaultLocationInShort": "[if(equals(resourceGroup().location, 'eastus2'),'eus2','cus')]",
    "sQuote": "'",
    "apimRgName": "[concat('rg-',parameters('apimRsGroupCompany'),'-integration-apim-',parameters('apimRsEnvironment'),'-',variables('defaultLocationInShort'),'-',parameters('apimRsInstanceSuffix'))]",
    "apimServiceName": "[concat('apm-',parameters('apimRsGroupCompany'),'-',parameters('apimRsEnvironment'),'-core-',parameters('apimRsInstanceSuffix'))]",
    "subCoreEnvironment": "[if(equals(parameters('coreEnvironment'),'prod'),'prod','nonprod')]",
    "npApimServiceHost": "[concat(variables('coreEnvironmentInShort'),'apim.',variables('subCoreEnvironment'),'.corp.tmnas.io')]",
    "prApimServiceHost": "apim.corp.tmnas.io",
    "apimServiceHost": "[if(equals(parameters('coreEnvironment'),'prod'),variables('prApimServiceHost'),variables('npApimServiceHost'))]",
    "apimApiPath": "[concat(variables('apimServiceHost'),'/',variables('apiServiceName'))]",
    "apiServiceName": "[concat('soa-',parameters('apiRsGroupCompany'),'-',parameters('apiRsEnvironment'),'-pccontactapi-',parameters('apiRsInstanceSuffix'))]",
    "apiDescription": "pccontact api Service",
    "apiNativeServiceUrl_ci": "",
    "apiNativeServiceUrl_dv": "",
    "apiNativeServiceUrl_qa": "",
    "apiNativeServiceUrl_mo": "",
    "apiNativeServiceUrl_ps": "",
    "apiNativeServiceUrl_pr": "",
    "belongsToProductList": [
      {
        "productName": "pdt-perftest-sub"
      }
    ],
    "nonperfbelongsToProductList": [
      {
        "productName": "pdt-iad-sub"
      }
    ],
    "apiTagDetails": [
      {
        "tagName": "internal"
      }
    ]
  },
  "resources": [
    {
      "comments": "Create the API",
      "type": "Microsoft.ApiManagement/service/apis",
      "apiVersion": "2020-06-01-preview",
      "name": "[concat(variables('apimServiceName'), '/',variables('apiServiceName'))]",
      "properties": {
        "displayName": "[variables('apiServiceName')]",
        "apiRevision": "1",
        "description": "[variables('apiDescription')]",
        "subscriptionRequired": true,
        "authenticationSettings": {
          "oAuth2": {
            "authorizationServerId": "oauth-setup"
          }
        },
        "path": "[variables('apiServiceName')]",
        "protocols": ["https"],
        "isCurrent": true,
        "serviceUrl": "[variables(concat('apiNativeServiceUrl_',parameters('apiRsEnvironment')))]"
      }
    },
    {
      "comments": "Add the API to the specific products",
      "type": "Microsoft.ApiManagement/service/products/apis",
      "name": "[concat(variables('apimServiceName'),'/',variables('belongsToProductList')[copyIndex('belongsToProductListCopy')].productName,'/',variables('apiServiceName'))]",
      "dependsOn": [
        "[resourceId('Microsoft.ApiManagement/service/apis', variables('apimServiceName'), variables('apiServiceName'))]"
      ],
      "copy": {
        "name": "belongsToProductListCopy",
        "count": "[length(variables('belongsToProductList'))]"
      },
      "apiVersion": "2019-12-01",
      "properties": {
        "policyContent": ""
      }
    },
    {
      "comments": "Add the all operations level policy",
      "type": "Microsoft.ApiManagement/service/apis/policies",
      "apiVersion": "2020-06-01-preview",
      "name": "[concat(variables('apimServiceName'), '/',variables('apiServiceName'),'/policy')]",
      "dependsOn": [
        "[resourceId('Microsoft.ApiManagement/service/apis', variables('apimServiceName'), variables('apiServiceName'))]"
      ],
      "properties": {
        "value": "<policies>\r\n  <inbound>\r\n    <base />\r\n  </inbound>\r\n  <backend>\r\n    <base />\r\n  </backend>\r\n  <outbound>\r\n    <base />\r\n  </outbound>\r\n  <on-error>\r\n    <base />\r\n  </on-error>\r\n</policies>",
        "format": "xml"
      }
    },
    {
      "comments": "Associate the api to respective api tags",
      "type": "Microsoft.ApiManagement/service/apis/tags",
      "apiVersion": "2020-12-01",
      "name": "[concat(variables('apimServiceName'),'/',variables('apiServiceName'),'/',variables('apiTagDetails')[copyIndex('apiTagDetailsCopy')].tagName)]",
      "copy": {
        "name": "apiTagDetailsCopy",
        "count": "[length(variables('apiTagDetails'))]"
      },
      "dependsOn": [
        "[resourceId('Microsoft.ApiManagement/service/apis', variables('apimServiceName'), variables('apiServiceName'))]"
      ]
    },
    {
      "comments": "Add the Api to self hosted gateway",
      "type": "Microsoft.ApiManagement/service/gateways/apis",
      "apiVersion": "2020-06-01-preview",
      "name": "[concat(variables('apimServiceName'), '/',parameters('selfHostedGateway'),'/',variables('apiServiceName'))]",
      "dependsOn": [
        "[resourceId('Microsoft.ApiManagement/service/apis', variables('apimServiceName'), variables('apiServiceName'))]"
      ],
      "properties": {}
    },
    {
      "comments": "Create an API operation - isContactDeletable",
      "type": "Microsoft.ApiManagement/service/apis/operations",
      "apiVersion": "2020-06-01-preview",
      "name": "[concat(variables('apimServiceName'), '/',variables('apiServiceName'),'/isContactDeletable')]",
      "dependsOn": [
        "[resourceId('Microsoft.ApiManagement/service/apis', variables('apimServiceName'), variables('apiServiceName'))]"
      ],
      "properties": {
        "displayName": "isContactDeletable",
        "method": "POST",
        "urlTemplate": "/?soapAction=isContactDeletable",
        "templateParameters": [],
        "description": null,
        "request": {
          "description": "isContactDeletable",
          "queryParameters": [],
          "headers": [],
          "representations": [
            {
              "contentType": "text/xml",
              "typeName": "isContactDeletable"
            }
          ]
        },
        "responses": [
          {
            "statusCode": 200,
            "description": "isContactDeletableResponse",
            "representations": [
              {
                "contentType": "text/xml",
                "typeName": "isContactDeletableResponse"
              }
            ],
            "headers": []
          }
        ],
        "policies": null
      }
    },
    {
      "comments": "Create an API operation - mergeContacts",
      "type": "Microsoft.ApiManagement/service/apis/operations",
      "apiVersion": "2020-06-01-preview",
      "name": "[concat(variables('apimServiceName'), '/',variables('apiServiceName'),'/mergeContacts')]",
      "dependsOn": [
        "[resourceId('Microsoft.ApiManagement/service/apis', variables('apimServiceName'), variables('apiServiceName'))]"
      ],
      "properties": {
        "displayName": "mergeContacts",
        "method": "POST",
        "urlTemplate": "/?soapAction=mergeContacts",
        "templateParameters": [],
        "description": null,
        "request": {
          "description": "mergeContacts",
          "queryParameters": [],
          "headers": [],
          "representations": [
            {
              "contentType": "text/xml",
              "typeName": "mergeContacts"
            }
          ]
        },
        "responses": [
          {
            "statusCode": 200,
            "description": "mergeContactsResponse",
            "representations": [
              {
                "contentType": "text/xml",
                "typeName": "mergeContactsResponse"
              }
            ],
            "headers": []
          }
        ],
        "policies": null
      }
    },
    {
      "comments": "Create an API operation - pendingCreateApproved",
      "type": "Microsoft.ApiManagement/service/apis/operations",
      "apiVersion": "2020-06-01-preview",
      "name": "[concat(variables('apimServiceName'), '/',variables('apiServiceName'),'/pendingCreateApproved')]",
      "dependsOn": [
        "[resourceId('Microsoft.ApiManagement/service/apis', variables('apimServiceName'), variables('apiServiceName'))]"
      ],
      "properties": {
        "displayName": "pendingCreateApproved",
        "method": "POST",
        "urlTemplate": "/?soapAction=pendingCreateApproved",
        "templateParameters": [],
        "description": null,
        "request": {
          "description": "pendingCreateApproved",
          "queryParameters": [],
          "headers": [],
          "representations": [
            {
              "contentType": "text/xml",
              "typeName": "pendingCreateApproved"
            }
          ]
        },
        "responses": [
          {
            "statusCode": 200,
            "description": "pendingCreateApprovedResponse",
            "representations": [
              {
                "contentType": "text/xml",
                "typeName": "pendingCreateApprovedResponse"
              }
            ],
            "headers": []
          }
        ],
        "policies": null
      }
    },
    {
      "comments": "Create an API operation - pendingCreateRejected",
      "type": "Microsoft.ApiManagement/service/apis/operations",
      "apiVersion": "2020-06-01-preview",
      "name": "[concat(variables('apimServiceName'), '/',variables('apiServiceName'),'/pendingCreateRejected')]",
      "dependsOn": [
        "[resourceId('Microsoft.ApiManagement/service/apis', variables('apimServiceName'), variables('apiServiceName'))]"
      ],
      "properties": {
        "displayName": "pendingCreateRejected",
        "method": "POST",
        "urlTemplate": "/?soapAction=pendingCreateRejected",
        "templateParameters": [],
        "description": null,
        "request": {
          "description": "pendingCreateRejected",
          "queryParameters": [],
          "headers": [],
          "representations": [
            {
              "contentType": "text/xml",
              "typeName": "pendingCreateRejected"
            }
          ]
        },
        "responses": [
          {
            "statusCode": 200,
            "description": "pendingCreateRejectedResponse",
            "representations": [
              {
                "contentType": "text/xml",
                "typeName": "pendingCreateRejectedResponse"
              }
            ],
            "headers": []
          }
        ],
        "policies": null
      }
    },
    {
      "comments": "Create an API operation - pendingUpdateApproved",
      "type": "Microsoft.ApiManagement/service/apis/operations",
      "apiVersion": "2020-06-01-preview",
      "name": "[concat(variables('apimServiceName'), '/',variables('apiServiceName'),'/pendingUpdateApproved')]",
      "dependsOn": [
        "[resourceId('Microsoft.ApiManagement/service/apis', variables('apimServiceName'), variables('apiServiceName'))]"
      ],
      "properties": {
        "displayName": "pendingUpdateApproved",
        "method": "POST",
        "urlTemplate": "/?soapAction=pendingUpdateApproved",
        "templateParameters": [],
        "description": null,
        "request": {
          "description": "pendingUpdateApproved",
          "queryParameters": [],
          "headers": [],
          "representations": [
            {
              "contentType": "text/xml",
              "typeName": "pendingUpdateApproved"
            }
          ]
        },
        "responses": [
          {
            "statusCode": 200,
            "description": "pendingUpdateApprovedResponse",
            "representations": [
              {
                "contentType": "text/xml",
                "typeName": "pendingUpdateApprovedResponse"
              }
            ],
            "headers": []
          }
        ],
        "policies": null
      }
    },
    {
      "comments": "Create an API operation - pendingUpdateRejected",
      "type": "Microsoft.ApiManagement/service/apis/operations",
      "apiVersion": "2020-06-01-preview",
      "name": "[concat(variables('apimServiceName'), '/',variables('apiServiceName'),'/pendingUpdateRejected')]",
      "dependsOn": [
        "[resourceId('Microsoft.ApiManagement/service/apis', variables('apimServiceName'), variables('apiServiceName'))]"
      ],
      "properties": {
        "displayName": "pendingUpdateRejected",
        "method": "POST",
        "urlTemplate": "/?soapAction=pendingUpdateRejected",
        "templateParameters": [],
        "description": null,
        "request": {
          "description": "pendingUpdateRejected",
          "queryParameters": [],
          "headers": [],
          "representations": [
            {
              "contentType": "text/xml",
              "typeName": "pendingUpdateRejected"
            }
          ]
        },
        "responses": [
          {
            "statusCode": 200,
            "description": "pendingUpdateRejectedResponse",
            "representations": [
              {
                "contentType": "text/xml",
                "typeName": "pendingUpdateRejectedResponse"
              }
            ],
            "headers": []
          }
        ],
        "policies": null
      }
    },
    {
      "comments": "Create an API operation - removeContact",
      "type": "Microsoft.ApiManagement/service/apis/operations",
      "apiVersion": "2020-06-01-preview",
      "name": "[concat(variables('apimServiceName'), '/',variables('apiServiceName'),'/removeContact')]",
      "dependsOn": [
        "[resourceId('Microsoft.ApiManagement/service/apis', variables('apimServiceName'), variables('apiServiceName'))]"
      ],
      "properties": {
        "displayName": "removeContact",
        "method": "POST",
        "urlTemplate": "/?soapAction=removeContact",
        "templateParameters": [],
        "description": null,
        "request": {
          "description": "removeContact",
          "queryParameters": [],
          "headers": [],
          "representations": [
            {
              "contentType": "text/xml",
              "typeName": "removeContact"
            }
          ]
        },
        "responses": [
          {
            "statusCode": 200,
            "description": "removeContactResponse",
            "representations": [
              {
                "contentType": "text/xml",
                "typeName": "removeContactResponse"
              }
            ],
            "headers": []
          }
        ],
        "policies": null
      }
    },
    {
      "comments": "Create an API operation - updateContact",
      "type": "Microsoft.ApiManagement/service/apis/operations",
      "apiVersion": "2020-06-01-preview",
      "name": "[concat(variables('apimServiceName'), '/',variables('apiServiceName'),'/updateContact')]",
      "dependsOn": [
        "[resourceId('Microsoft.ApiManagement/service/apis', variables('apimServiceName'), variables('apiServiceName'))]"
      ],
      "properties": {
        "displayName": "updateContact",
        "method": "POST",
        "urlTemplate": "/?soapAction=updateContact",
        "templateParameters": [],
        "description": null,
        "request": {
          "description": "updateContact",
          "queryParameters": [],
          "headers": [],
          "representations": [
            {
              "contentType": "text/xml",
              "typeName": "updateContact"
            }
          ]
        },
        "responses": [
          {
            "statusCode": 200,
            "description": "updateContactResponse",
            "representations": [
              {
                "contentType": "text/xml",
                "typeName": "updateContactResponse"
              }
            ],
            "headers": []
          }
        ],
        "policies": null
      }
    }
  ],
  "outputs": {}
}
