{
  "$schema": "https://schema.management.azure.com/schemas/2019-04-01/deploymentTemplate.json#",
  "contentVersion": "1.0.0.0",
  "parameters": {
    "coreEnvironment": {
      "type": "string"
    },
    "apimRsGroupCompany": {
      "type": "string",
      "defaultValue": "00"
    },
    "apimRsEnvironment": {
      "type": "string",
      "defaultValue": "dv"
    },
    "apimRsInstanceSuffix": {
      "type": "string",
      "defaultValue": "001"
    },
    "apiRsGroupCompany": {
      "type": "string",
      "defaultValue": "03"
    },
    "apiRsEnvironment": {
      "type": "string",
      "defaultValue": "dv"
    },
    "apiRsInstanceSuffix": {
      "type": "string",
      "defaultValue": "001"
    },
    "selfHostedGateway": {
      "type": "string",
      "defaultValue": "kd00apimg001"
    }
  },
  "functions": [],
  "variables": {
    "coreEnvironmentInShort": "[if(equals(parameters('coreEnvironment'),'prod'),'pr',if(equals(parameters('coreEnvironment'),'nonprod'),'np','dev'))]",
    "defaultLocation": "[resourceGroup().location]",
    "defaultLocationInShort": "[if(equals(resourceGroup().location, 'eastus2'),'eus2','cus')]",
    "sQuote": "'",
    "apimRgName": "[concat('rg-',parameters('apimRsGroupCompany'),'-integration-apim-',parameters('apimRsEnvironment'),'-',variables('defaultLocationInShort'),'-',parameters('apimRsInstanceSuffix'))]",
    "apimServiceName": "[concat('apm-',parameters('apimRsGroupCompany'),'-',parameters('apimRsEnvironment'),'-core-',parameters('apimRsInstanceSuffix'))]",
    "subCoreEnvironment": "[if(equals(parameters('coreEnvironment'),'prod'),'prod','nonprod')]",
    "npApimServiceHost": "[concat(variables('coreEnvironmentInShort'),'apim.',variables('subCoreEnvironment'),'.corp.tmnas.io')]",
    "prApimServiceHost": "apim.corp.tmnas.io",
    "apimServiceHost": "[if(equals(parameters('coreEnvironment'),'prod'),variables('prApimServiceHost'),variables('npApimServiceHost'))]",
    "apimApiPath": "[concat(variables('apimServiceHost'),'/',variables('apiServiceName'))]",
    "apiServiceName": "[concat('soa-',parameters('apiRsGroupCompany'),'-',parameters('apiRsEnvironment'),'-pcmaintanencetoolsapi-',parameters('apiRsInstanceSuffix'))]",
    "apiDescription": "pcmaintanencetools api Service",
    "apiNativeServiceUrl_ci": "",
    "apiNativeServiceUrl_dv": "",
    "apiNativeServiceUrl_qa": "",
    "apiNativeServiceUrl_mo": "",
    "apiNativeServiceUrl_ps": "",
    "apiNativeServiceUrl_pr": "",
    "belongsToProductList": [
      {
        "productName": "pdt-perftest-sub"
      }
    ],
    "nonperfbelongsToProductList": [
      {
        "productName": "pdt-iad-sub"
      }
    ],
    "apiTagDetails": [
      {
        "tagName": "internal"
      }
    ]
  },
  "resources": [
    {
      "comments": "Create the API",
      "type": "Microsoft.ApiManagement/service/apis",
      "apiVersion": "2020-06-01-preview",
      "name": "[concat(variables('apimServiceName'), '/',variables('apiServiceName'))]",
      "properties": {
        "displayName": "[variables('apiServiceName')]",
        "apiRevision": "1",
        "description": "[variables('apiDescription')]",
        "subscriptionRequired": true,
        "authenticationSettings": {
          "oAuth2": {
            "authorizationServerId": "oauth-setup"
          }
        },
        "path": "[variables('apiServiceName')]",
        "protocols": ["https"],
        "isCurrent": true,
        "serviceUrl": "[variables(concat('apiNativeServiceUrl_',parameters('apiRsEnvironment')))]"
      }
    },
    {
      "comments": "Add the API to the specific products",
      "type": "Microsoft.ApiManagement/service/products/apis",
      "name": "[concat(variables('apimServiceName'),'/',variables('belongsToProductList')[copyIndex('belongsToProductListCopy')].productName,'/',variables('apiServiceName'))]",
      "dependsOn": [
        "[resourceId('Microsoft.ApiManagement/service/apis', variables('apimServiceName'), variables('apiServiceName'))]"
      ],
      "copy": {
        "name": "belongsToProductListCopy",
        "count": "[length(variables('belongsToProductList'))]"
      },
      "apiVersion": "2019-12-01",
      "properties": {
        "policyContent": ""
      }
    },
    {
      "comments": "Add the all operations level policy",
      "type": "Microsoft.ApiManagement/service/apis/policies",
      "apiVersion": "2020-06-01-preview",
      "name": "[concat(variables('apimServiceName'), '/',variables('apiServiceName'),'/policy')]",
      "dependsOn": [
        "[resourceId('Microsoft.ApiManagement/service/apis', variables('apimServiceName'), variables('apiServiceName'))]"
      ],
      "properties": {
        "value": "<policies>\r\n  <inbound>\r\n    <base />\r\n  </inbound>\r\n  <backend>\r\n    <base />\r\n  </backend>\r\n  <outbound>\r\n    <base />\r\n  </outbound>\r\n  <on-error>\r\n    <base />\r\n  </on-error>\r\n</policies>",
        "format": "xml"
      }
    },
    {
      "comments": "Associate the api to respective api tags",
      "type": "Microsoft.ApiManagement/service/apis/tags",
      "apiVersion": "2020-12-01",
      "name": "[concat(variables('apimServiceName'),'/',variables('apiServiceName'),'/',variables('apiTagDetails')[copyIndex('apiTagDetailsCopy')].tagName)]",
      "copy": {
        "name": "apiTagDetailsCopy",
        "count": "[length(variables('apiTagDetails'))]"
      },
      "dependsOn": [
        "[resourceId('Microsoft.ApiManagement/service/apis', variables('apimServiceName'), variables('apiServiceName'))]"
      ]
    },
    {
      "comments": "Add the Api to self hosted gateway",
      "type": "Microsoft.ApiManagement/service/gateways/apis",
      "apiVersion": "2020-06-01-preview",
      "name": "[concat(variables('apimServiceName'), '/',parameters('selfHostedGateway'),'/',variables('apiServiceName'))]",
      "dependsOn": [
        "[resourceId('Microsoft.ApiManagement/service/apis', variables('apimServiceName'), variables('apiServiceName'))]"
      ],
      "properties": {}
    },
    {
        "comments": "Create an API operation - batchProcessStatusByID",
        "type": "Microsoft.ApiManagement/service/apis/operations",
        "apiVersion": "2020-06-01-preview",
        "name": "[concat(variables('apimServiceName'), '/',variables('apiServiceName'),'/batchProcessStatusByID')]",
        "dependsOn": [
            "[resourceId('Microsoft.ApiManagement/service/apis', variables('apimServiceName'), variables('apiServiceName'))]"
        ],
        "properties": {
            "displayName": "batchProcessStatusByID",
            "method": "POST",
            "urlTemplate": "/?soapAction=batchProcessStatusByID",
            "templateParameters": [],
            "description": null,
            "request": {
                "description": "batchProcessStatusByID",
                "queryParameters": [],
                "headers": [],
                "representations": [
                    {
                        "contentType": "application/soap+xml",
                        "typeName": "batchProcessStatusByID"
                    }
                ]
            },
            "responses": [
                {
                    "statusCode": 200,
                    "description": "batchProcessStatusByIDResponse",
                    "representations": [
                        {
                            "contentType": "application/soap+xml",
                            "typeName": "batchProcessStatusByIDResponse"
                        }
                    ],
                    "headers": []
                }
            ],
            "policies": null
        }
    },
    {
        "comments": "Create an API operation - batchProcessStatusByName",
        "type": "Microsoft.ApiManagement/service/apis/operations",
        "apiVersion": "2020-06-01-preview",
        "name": "[concat(variables('apimServiceName'), '/',variables('apiServiceName'),'/batchProcessStatusByName')]",
        "dependsOn": [
            "[resourceId('Microsoft.ApiManagement/service/apis', variables('apimServiceName'), variables('apiServiceName'))]"
        ],
        "properties": {
            "displayName": "batchProcessStatusByName",
            "method": "POST",
            "urlTemplate": "/?soapAction=batchProcessStatusByName",
            "templateParameters": [],
            "description": null,
            "request": {
                "description": "batchProcessStatusByName",
                "queryParameters": [],
                "headers": [],
                "representations": [
                    {
                        "contentType": "application/soap+xml",
                        "typeName": "batchProcessStatusByName"
                    }
                ]
            },
            "responses": [
                {
                    "statusCode": 200,
                    "description": "batchProcessStatusByNameResponse",
                    "representations": [
                        {
                            "contentType": "application/soap+xml",
                            "typeName": "batchProcessStatusByNameResponse"
                        }
                    ],
                    "headers": []
                }
            ],
            "policies": null
        }
    },
    {
        "comments": "Create an API operation - getNumActiveWorkItems",
        "type": "Microsoft.ApiManagement/service/apis/operations",
        "apiVersion": "2020-06-01-preview",
        "name": "[concat(variables('apimServiceName'), '/',variables('apiServiceName'),'/getNumActiveWorkItems')]",
        "dependsOn": [
            "[resourceId('Microsoft.ApiManagement/service/apis', variables('apimServiceName'), variables('apiServiceName'))]"
        ],
        "properties": {
            "displayName": "getNumActiveWorkItems",
            "method": "POST",
            "urlTemplate": "/?soapAction=getNumActiveWorkItems",
            "templateParameters": [],
            "description": null,
            "request": {
                "description": "getNumActiveWorkItems",
                "queryParameters": [],
                "headers": [],
                "representations": [
                    {
                        "contentType": "application/soap+xml",
                        "typeName": "getNumActiveWorkItems"
                    }
                ]
            },
            "responses": [
                {
                    "statusCode": 200,
                    "description": "getNumActiveWorkItemsResponse",
                    "representations": [
                        {
                            "contentType": "application/soap+xml",
                            "typeName": "getNumActiveWorkItemsResponse"
                        }
                    ],
                    "headers": []
                }
            ],
            "policies": null
        }
    },
    {
        "comments": "Create an API operation - getValidBatchProcessNames",
        "type": "Microsoft.ApiManagement/service/apis/operations",
        "apiVersion": "2020-06-01-preview",
        "name": "[concat(variables('apimServiceName'), '/',variables('apiServiceName'),'/getValidBatchProcessNames')]",
        "dependsOn": [
            "[resourceId('Microsoft.ApiManagement/service/apis', variables('apimServiceName'), variables('apiServiceName'))]"
        ],
        "properties": {
            "displayName": "getValidBatchProcessNames",
            "method": "POST",
            "urlTemplate": "/?soapAction=getValidBatchProcessNames",
            "templateParameters": [],
            "description": null,
            "request": {
                "description": "getValidBatchProcessNames",
                "queryParameters": [],
                "headers": [],
                "representations": [
                    {
                        "contentType": "application/soap+xml",
                        "typeName": "getValidBatchProcessNames"
                    }
                ]
            },
            "responses": [
                {
                    "statusCode": 200,
                    "description": "getValidBatchProcessNamesResponse",
                    "representations": [
                        {
                            "contentType": "application/soap+xml",
                            "typeName": "getValidBatchProcessNamesResponse"
                        }
                    ],
                    "headers": []
                }
            ],
            "policies": null
        }
    },
    {
        "comments": "Create an API operation - getWorkQueueConfig",
        "type": "Microsoft.ApiManagement/service/apis/operations",
        "apiVersion": "2020-06-01-preview",
        "name": "[concat(variables('apimServiceName'), '/',variables('apiServiceName'),'/getWorkQueueConfig')]",
        "dependsOn": [
            "[resourceId('Microsoft.ApiManagement/service/apis', variables('apimServiceName'), variables('apiServiceName'))]"
        ],
        "properties": {
            "displayName": "getWorkQueueConfig",
            "method": "POST",
            "urlTemplate": "/?soapAction=getWorkQueueConfig",
            "templateParameters": [],
            "description": null,
            "request": {
                "description": "getWorkQueueConfig",
                "queryParameters": [],
                "headers": [],
                "representations": [
                    {
                        "contentType": "application/soap+xml",
                        "typeName": "getWorkQueueConfig"
                    }
                ]
            },
            "responses": [
                {
                    "statusCode": 200,
                    "description": "getWorkQueueConfigResponse",
                    "representations": [
                        {
                            "contentType": "application/soap+xml",
                            "typeName": "getWorkQueueConfigResponse"
                        }
                    ],
                    "headers": []
                }
            ],
            "policies": null
        }
    },
    {
        "comments": "Create an API operation - getWorkQueueNames",
        "type": "Microsoft.ApiManagement/service/apis/operations",
        "apiVersion": "2020-06-01-preview",
        "name": "[concat(variables('apimServiceName'), '/',variables('apiServiceName'),'/getWorkQueueNames')]",
        "dependsOn": [
            "[resourceId('Microsoft.ApiManagement/service/apis', variables('apimServiceName'), variables('apiServiceName'))]"
        ],
        "properties": {
            "displayName": "getWorkQueueNames",
            "method": "POST",
            "urlTemplate": "/?soapAction=getWorkQueueNames",
            "templateParameters": [],
            "description": null,
            "request": {
                "description": "getWorkQueueNames",
                "queryParameters": [],
                "headers": [],
                "representations": [
                    {
                        "contentType": "application/soap+xml",
                        "typeName": "getWorkQueueNames"
                    }
                ]
            },
            "responses": [
                {
                    "statusCode": 200,
                    "description": "getWorkQueueNamesResponse",
                    "representations": [
                        {
                            "contentType": "application/soap+xml",
                            "typeName": "getWorkQueueNamesResponse"
                        }
                    ],
                    "headers": []
                }
            ],
            "policies": null
        }
    },
    {
        "comments": "Create an API operation - getWQueueStatus",
        "type": "Microsoft.ApiManagement/service/apis/operations",
        "apiVersion": "2020-06-01-preview",
        "name": "[concat(variables('apimServiceName'), '/',variables('apiServiceName'),'/getWQueueStatus')]",
        "dependsOn": [
            "[resourceId('Microsoft.ApiManagement/service/apis', variables('apimServiceName'), variables('apiServiceName'))]"
        ],
        "properties": {
            "displayName": "getWQueueStatus",
            "method": "POST",
            "urlTemplate": "/?soapAction=getWQueueStatus",
            "templateParameters": [],
            "description": null,
            "request": {
                "description": "getWQueueStatus",
                "queryParameters": [],
                "headers": [],
                "representations": [
                    {
                        "contentType": "application/soap+xml",
                        "typeName": "getWQueueStatus"
                    }
                ]
            },
            "responses": [
                {
                    "statusCode": 200,
                    "description": "getWQueueStatusResponse",
                    "representations": [
                        {
                            "contentType": "application/soap+xml",
                            "typeName": "getWQueueStatusResponse"
                        }
                    ],
                    "headers": []
                }
            ],
            "policies": null
        }
    },
    {
        "comments": "Create an API operation - importDefaultSampleData",
        "type": "Microsoft.ApiManagement/service/apis/operations",
        "apiVersion": "2020-06-01-preview",
        "name": "[concat(variables('apimServiceName'), '/',variables('apiServiceName'),'/importDefaultSampleData')]",
        "dependsOn": [
            "[resourceId('Microsoft.ApiManagement/service/apis', variables('apimServiceName'), variables('apiServiceName'))]"
        ],
        "properties": {
            "displayName": "importDefaultSampleData",
            "method": "POST",
            "urlTemplate": "/?soapAction=importDefaultSampleData",
            "templateParameters": [],
            "description": null,
            "request": {
                "description": "importDefaultSampleData",
                "queryParameters": [],
                "headers": [],
                "representations": [
                    {
                        "contentType": "application/soap+xml",
                        "typeName": "importDefaultSampleData",
                    }
                ]
            },
            "responses": [
                {
                    "statusCode": 200,
                    "description": "importDefaultSampleDataResponse",
                    "representations": [
                        {
                            "contentType": "application/soap+xml",
                            "typeName": "importDefaultSampleDataResponse"
                        }
                    ],
                    "headers": []
                }
            ],
            "policies": null
        }
    },
    {
        "comments": "Create an API operation - importSampleData",
        "type": "Microsoft.ApiManagement/service/apis/operations",
        "apiVersion": "2020-06-01-preview",
        "name": "[concat(variables('apimServiceName'), '/',variables('apiServiceName'),'/importSampleData')]",
        "dependsOn": [
            "[resourceId('Microsoft.ApiManagement/service/apis', variables('apimServiceName'), variables('apiServiceName'))]"
        ],
        "properties": {
            "displayName": "importSampleData",
            "method": "POST",
            "urlTemplate": "/?soapAction=importSampleData",
            "templateParameters": [],
            "description": null,
            "request": {
                "description": "importSampleData",
                "queryParameters": [],
                "headers": [],
                "representations": [
                    {
                        "contentType": "application/soap+xml",
                        "typeName": "importSampleData"
                    }
                ]
            },
            "responses": [
                {
                    "statusCode": 200,
                    "description": "importSampleDataResponse",
                    "representations": [
                        {
                            "contentType": "application/soap+xml",
                            "typeName": "importSampleDataResponse"
                        }
                    ],
                    "headers": []
                }
            ],
            "policies": null
        }
    },
    {
        "comments": "Create an API operation - isBatchProcessNameValid",
        "type": "Microsoft.ApiManagement/service/apis/operations",
        "apiVersion": "2020-06-01-preview",
        "name": "[concat(variables('apimServiceName'), '/',variables('apiServiceName'),'/isBatchProcessNameValid')]",
        "dependsOn": [
            "[resourceId('Microsoft.ApiManagement/service/apis', variables('apimServiceName'), variables('apiServiceName'))]"
        ],
        "properties": {
            "displayName": "isBatchProcessNameValid",
            "method": "POST",
            "urlTemplate": "/?soapAction=isBatchProcessNameValid",
            "templateParameters": [],
            "description": null,
            "request": {
                "description": "isBatchProcessNameValid",
                "queryParameters": [],
                "headers": [],
                "representations": [
                    {
                        "contentType": "application/soap+xml",
                        "typeName": "isBatchProcessNameValid"
                    }
                ]
            },
            "responses": [
                {
                    "statusCode": 200,
                    "description": "isBatchProcessNameValidResponse",
                    "representations": [
                        {
                            "contentType": "application/soap+xml",
                            "typeName": "isBatchProcessNameValidResponse"
                        }
                    ],
                    "headers": []
                }
            ],
            "policies": null
        }
    },
    {
        "comments": "Create an API operation - isPluginStarted",
        "type": "Microsoft.ApiManagement/service/apis/operations",
        "apiVersion": "2020-06-01-preview",
        "name": "[concat(variables('apimServiceName'), '/',variables('apiServiceName'),'/isPluginStarted')]",
        "dependsOn": [
            "[resourceId('Microsoft.ApiManagement/service/apis', variables('apimServiceName'), variables('apiServiceName'))]"
        ],
        "properties": {
            "displayName": "isPluginStarted",
            "method": "POST",
            "urlTemplate": "/?soapAction=isPluginStarted",
            "templateParameters": [],
            "description": null,
            "request": {
                "description": "isPluginStarted",
                "queryParameters": [],
                "headers": [],
                "representations": [
                    {
                        "contentType": "application/soap+xml",
                        "typeName": "isPluginStarted"
                    }
                ]
            },
            "responses": [
                {
                    "statusCode": 200,
                    "description": "isPluginStartedResponse",
                    "representations": [
                        {
                            "contentType": "application/soap+xml",
                            "typeName": "isPluginStartedResponse"
                        }
                    ],
                    "headers": []
                }
            ],
            "policies": null
        }
    },
    {
        "comments": "Create an API operation - notifyQueueWorkers",
        "type": "Microsoft.ApiManagement/service/apis/operations",
        "apiVersion": "2020-06-01-preview",
        "name": "[concat(variables('apimServiceName'), '/',variables('apiServiceName'),'/notifyQueueWorkers')]",
        "dependsOn": [
            "[resourceId('Microsoft.ApiManagement/service/apis', variables('apimServiceName'), variables('apiServiceName'))]"
        ],
        "properties": {
            "displayName": "notifyQueueWorkers",
            "method": "POST",
            "urlTemplate": "/?soapAction=notifyQueueWorkers",
            "templateParameters": [],
            "description": null,
            "request": {
                "description": "notifyQueueWorkers",
                "queryParameters": [],
                "headers": [],
                "representations": [
                    {
                        "contentType": "application/soap+xml",
                        "typeName": "notifyQueueWorkers"
                    }
                ]
            },
            "responses": [
                {
                    "statusCode": 200,
                    "description": "notifyQueueWorkersResponse",
                    "representations": [
                        {
                            "contentType": "application/soap+xml",
                            "typeName": "notifyQueueWorkersResponse"
                        }
                    ],
                    "headers": []
                }
            ],
            "policies": null
        }
    },
    {
        "comments": "Create an API operation - requestTerminationOfBatchProcessByID",
        "type": "Microsoft.ApiManagement/service/apis/operations",
        "apiVersion": "2020-06-01-preview",
        "name": "[concat(variables('apimServiceName'), '/',variables('apiServiceName'),'/requestTerminationOfBatchProcessByID')]",
        "dependsOn": [
            "[resourceId('Microsoft.ApiManagement/service/apis', variables('apimServiceName'), variables('apiServiceName'))]"
        ],
        "properties": {
            "displayName": "requestTerminationOfBatchProcessByID",
            "method": "POST",
            "urlTemplate": "/?soapAction=requestTerminationOfBatchProcessByID",
            "templateParameters": [],
            "description": null,
            "request": {
                "description": "requestTerminationOfBatchProcessByID",
                "queryParameters": [],
                "headers": [],
                "representations": [
                    {
                        "contentType": "application/soap+xml",
                        "typeName": "requestTerminationOfBatchProcessByID"
                    }
                ]
            },
            "responses": [
                {
                    "statusCode": 200,
                    "description": "requestTerminationOfBatchProcessByIDResponse",
                    "representations": [
                        {
                            "contentType": "application/soap+xml",
                            "typeName": "requestTerminationOfBatchProcessByIDResponse"
                        }
                    ],
                    "headers": []
                }
            ],
            "policies": null
        }
    },
    {
        "comments": "Create an API operation - requestTerminationOfBatchProcessByName",
        "type": "Microsoft.ApiManagement/service/apis/operations",
        "apiVersion": "2020-06-01-preview",
        "name": "[concat(variables('apimServiceName'), '/',variables('apiServiceName'),'/requestTerminationOfBatchProcessByName')]",
        "dependsOn": [
            "[resourceId('Microsoft.ApiManagement/service/apis', variables('apimServiceName'), variables('apiServiceName'))]"
        ],
        "properties": {
            "displayName": "requestTerminationOfBatchProcessByName",
            "method": "POST",
            "urlTemplate": "/?soapAction=requestTerminationOfBatchProcessByName",
            "templateParameters": [],
            "description": null,
            "request": {
                "description": "requestTerminationOfBatchProcessByName",
                "queryParameters": [],
                "headers": [],
                "representations": [
                    {
                        "contentType": "application/soap+xml",
                        "examples": {
                            "default": {
                                "value": "<?xml version=\"1.0\" encoding=\"utf-8\"?>\r\n<Envelope xmlns=\"http://www.w3.org/2003/05/soap-envelope\">\r\n  <Body>\r\n    <requestTerminationOfBatchProcessByName xmlns:xsi=\"http://www.w3.org/2001/XMLSchema-instance\" xmlns=\"http://guidewire.com/bc/ws/gw/webservice/bc/MaintenanceToolsAPI\">\r\n      <processName>processName1</processName>\r\n    </requestTerminationOfBatchProcessByName>\r\n  </Body>\r\n</Envelope>"
                            }
                        },
                        "schemaId": "fd6d2ef1-95d0-4266-ac82-e95c2c9dd1d4",
                        "typeName": "requestTerminationOfBatchProcessByName",
                        "generatedSample": "<?xml version=\"1.0\" encoding=\"utf-8\"?>\r\n<Envelope xmlns=\"http://www.w3.org/2003/05/soap-envelope\">\r\n  <Body>\r\n    <requestTerminationOfBatchProcessByName xmlns:xsi=\"http://www.w3.org/2001/XMLSchema-instance\" xmlns=\"http://guidewire.com/bc/ws/gw/webservice/bc/MaintenanceToolsAPI\">\r\n      <processName>processName1</processName>\r\n    </requestTerminationOfBatchProcessByName>\r\n  </Body>\r\n</Envelope>",
                        "sample": "<?xml version=\"1.0\" encoding=\"utf-8\"?>\r\n<Envelope xmlns=\"http://www.w3.org/2003/05/soap-envelope\">\r\n  <Body>\r\n    <requestTerminationOfBatchProcessByName xmlns:xsi=\"http://www.w3.org/2001/XMLSchema-instance\" xmlns=\"http://guidewire.com/bc/ws/gw/webservice/bc/MaintenanceToolsAPI\">\r\n      <processName>processName1</processName>\r\n    </requestTerminationOfBatchProcessByName>\r\n  </Body>\r\n</Envelope>"
                    }
                ]
            },
            "responses": [
                {
                    "statusCode": 200,
                    "description": "requestTerminationOfBatchProcessByNameResponse",
                    "representations": [
                        {
                            "contentType": "application/soap+xml",
                            "examples": {
                                "default": {
                                    "value": "<?xml version=\"1.0\" encoding=\"utf-8\"?>\r\n<Envelope xmlns=\"http://www.w3.org/2003/05/soap-envelope\">\r\n  <Body>\r\n    <requestTerminationOfBatchProcessByNameResponse xmlns:xsi=\"http://www.w3.org/2001/XMLSchema-instance\" xmlns=\"http://guidewire.com/bc/ws/gw/webservice/bc/MaintenanceToolsAPI\">\r\n      <return>true</return>\r\n    </requestTerminationOfBatchProcessByNameResponse>\r\n  </Body>\r\n</Envelope>"
                                }
                            },
                            "schemaId": "fd6d2ef1-95d0-4266-ac82-e95c2c9dd1d4",
                            "typeName": "requestTerminationOfBatchProcessByNameResponse",
                            "generatedSample": "<?xml version=\"1.0\" encoding=\"utf-8\"?>\r\n<Envelope xmlns=\"http://www.w3.org/2003/05/soap-envelope\">\r\n  <Body>\r\n    <requestTerminationOfBatchProcessByNameResponse xmlns:xsi=\"http://www.w3.org/2001/XMLSchema-instance\" xmlns=\"http://guidewire.com/bc/ws/gw/webservice/bc/MaintenanceToolsAPI\">\r\n      <return>true</return>\r\n    </requestTerminationOfBatchProcessByNameResponse>\r\n  </Body>\r\n</Envelope>",
                            "sample": "<?xml version=\"1.0\" encoding=\"utf-8\"?>\r\n<Envelope xmlns=\"http://www.w3.org/2003/05/soap-envelope\">\r\n  <Body>\r\n    <requestTerminationOfBatchProcessByNameResponse xmlns:xsi=\"http://www.w3.org/2001/XMLSchema-instance\" xmlns=\"http://guidewire.com/bc/ws/gw/webservice/bc/MaintenanceToolsAPI\">\r\n      <return>true</return>\r\n    </requestTerminationOfBatchProcessByNameResponse>\r\n  </Body>\r\n</Envelope>"
                        }
                    ],
                    "headers": []
                }
            ],
            "policies": null
        }
    },
    {
        "comments": "Create an API operation - setWorkQueueConfig",
        "type": "Microsoft.ApiManagement/service/apis/operations",
        "apiVersion": "2020-06-01-preview",
        "name": "[concat(variables('apimServiceName'), '/',variables('apiServiceName'),'/setWorkQueueConfig')]",
        "dependsOn": [
            "[resourceId('Microsoft.ApiManagement/service/apis', variables('apimServiceName'), variables('apiServiceName'))]"
        ],
        "properties": {
            "displayName": "setWorkQueueConfig",
            "method": "POST",
            "urlTemplate": "/?soapAction=setWorkQueueConfig",
            "templateParameters": [],
            "description": null,
            "request": {
                "description": "setWorkQueueConfig",
                "queryParameters": [],
                "headers": [],
                "representations": [
                    {
                        "contentType": "application/soap+xml",
                        "typeName": "setWorkQueueConfig"
                    }
                ]
            },
            "responses": [
                {
                    "statusCode": 200,
                    "description": "setWorkQueueConfigResponse",
                    "representations": [
                        {
                            "contentType": "application/soap+xml",
                            "typeName": "setWorkQueueConfigResponse"
                        }
                    ],
                    "headers": []
                }
            ],
            "policies": null
        }
    },
    {
        "comments": "Create an API operation - startBatchProcess",
        "type": "Microsoft.ApiManagement/service/apis/operations",
        "apiVersion": "2020-06-01-preview",
        "name": "[concat(variables('apimServiceName'), '/',variables('apiServiceName'),'/startBatchProcess')]",
        "dependsOn": [
            "[resourceId('Microsoft.ApiManagement/service/apis', variables('apimServiceName'), variables('apiServiceName'))]"
        ],
        "properties": {
            "displayName": "startBatchProcess",
            "method": "POST",
            "urlTemplate": "/?soapAction=startBatchProcess",
            "templateParameters": [],
            "description": null,
            "request": {
                "description": "startBatchProcess",
                "queryParameters": [],
                "headers": [],
                "representations": [
                    {
                        "contentType": "application/soap+xml",
                        "typeName": "startBatchProcess"
                    }
                ]
            },
            "responses": [
                {
                    "statusCode": 200,
                    "description": "startBatchProcessResponse",
                    "representations": [
                        {
                            "contentType": "application/soap+xml",
                            "typeName": "startBatchProcessResponse"
                        }
                    ],
                    "headers": []
                }
            ],
            "policies": null
        }
    },
    {
        "comments": "Create an API operation - startBatchProcessWithArguments",
        "type": "Microsoft.ApiManagement/service/apis/operations",
        "apiVersion": "2020-06-01-preview",
        "name": "[concat(variables('apimServiceName'), '/',variables('apiServiceName'),'/startBatchProcessWithArguments')]",
        "dependsOn": [
            "[resourceId('Microsoft.ApiManagement/service/apis', variables('apimServiceName'), variables('apiServiceName'))]"
        ],
        "properties": {
            "displayName": "startBatchProcessWithArguments",
            "method": "POST",
            "urlTemplate": "/?soapAction=startBatchProcessWithArguments",
            "templateParameters": [],
            "description": null,
            "request": {
                "description": "startBatchProcessWithArguments",
                "queryParameters": [],
                "headers": [],
                "representations": [
                    {
                        "contentType": "application/soap+xml",
                        "typeName": "startBatchProcessWithArguments"
                    }
                ]
            },
            "responses": [
                {
                    "statusCode": 200,
                    "description": "startBatchProcessWithArgumentsResponse",
                    "representations": [
                        {
                            "contentType": "application/soap+xml",
                            "typeName": "startBatchProcessWithArgumentsResponse"
                        }
                    ],
                    "headers": []
                }
            ],
            "policies": null
        }
    },
    {
        "comments": "Create an API operation - startPlugin",
        "type": "Microsoft.ApiManagement/service/apis/operations",
        "apiVersion": "2020-06-01-preview",
        "name": "[concat(variables('apimServiceName'), '/',variables('apiServiceName'),'/startPlugin')]",
        "dependsOn": [
            "[resourceId('Microsoft.ApiManagement/service/apis', variables('apimServiceName'), variables('apiServiceName'))]"
        ],
        "properties": {
            "displayName": "startPlugin",
            "method": "POST",
            "urlTemplate": "/?soapAction=startPlugin",
            "templateParameters": [],
            "description": null,
            "request": {
                "description": "startPlugin",
                "queryParameters": [],
                "headers": [],
                "representations": [
                    {
                        "contentType": "application/soap+xml",
                        "typeName": "startPlugin"
                    }
                ]
            },
            "responses": [
                {
                    "statusCode": 200,
                    "description": "startPluginResponse",
                    "representations": [
                        {
                            "contentType": "application/soap+xml",
                            "typeName": "startPluginResponse"
                        }
                    ],
                    "headers": []
                }
            ],
            "policies": null
        }
    },
    {
        "comments": "Create an API operation - startPluginWithTimeout",
        "type": "Microsoft.ApiManagement/service/apis/operations",
        "apiVersion": "2020-06-01-preview",
        "name": "[concat(variables('apimServiceName'), '/',variables('apiServiceName'),'/startPluginWithTimeout')]",
        "dependsOn": [
            "[resourceId('Microsoft.ApiManagement/service/apis', variables('apimServiceName'), variables('apiServiceName'))]"
        ],
        "properties": {
            "displayName": "startPluginWithTimeout",
            "method": "POST",
            "urlTemplate": "/?soapAction=startPluginWithTimeout",
            "templateParameters": [],
            "description": null,
            "request": {
                "description": "startPluginWithTimeout",
                "queryParameters": [],
                "headers": [],
                "representations": [
                    {
                        "contentType": "application/soap+xml",
                        "typeName": "startPluginWithTimeout"
                    }
                ]
            },
            "responses": [
                {
                    "statusCode": 200,
                    "description": "startPluginWithTimeoutResponse",
                    "representations": [
                        {
                            "contentType": "application/soap+xml",
                            "examples": {
                                "default": {
                                    "value": "<?xml version=\"1.0\" encoding=\"utf-8\"?>\r\n<Envelope xmlns=\"http://www.w3.org/2003/05/soap-envelope\">\r\n  <Body>\r\n    <startPluginWithTimeoutResponse xmlns:xsi=\"http://www.w3.org/2001/XMLSchema-instance\" xmlns=\"http://guidewire.com/bc/ws/gw/webservice/bc/MaintenanceToolsAPI\" />\r\n  </Body>\r\n</Envelope>"
                                }
                            },
                            "schemaId": "fd6d2ef1-95d0-4266-ac82-e95c2c9dd1d4",
                            "typeName": "startPluginWithTimeoutResponse",
                            "generatedSample": "<?xml version=\"1.0\" encoding=\"utf-8\"?>\r\n<Envelope xmlns=\"http://www.w3.org/2003/05/soap-envelope\">\r\n  <Body>\r\n    <startPluginWithTimeoutResponse xmlns:xsi=\"http://www.w3.org/2001/XMLSchema-instance\" xmlns=\"http://guidewire.com/bc/ws/gw/webservice/bc/MaintenanceToolsAPI\" />\r\n  </Body>\r\n</Envelope>",
                            "sample": "<?xml version=\"1.0\" encoding=\"utf-8\"?>\r\n<Envelope xmlns=\"http://www.w3.org/2003/05/soap-envelope\">\r\n  <Body>\r\n    <startPluginWithTimeoutResponse xmlns:xsi=\"http://www.w3.org/2001/XMLSchema-instance\" xmlns=\"http://guidewire.com/bc/ws/gw/webservice/bc/MaintenanceToolsAPI\" />\r\n  </Body>\r\n</Envelope>"
                        }
                    ],
                    "headers": []
                }
            ],
            "policies": null
        }
    },
    {
        "comments": "Create an API operation - startWorkQueueWorkers",
        "type": "Microsoft.ApiManagement/service/apis/operations",
        "apiVersion": "2020-06-01-preview",
        "name": "[concat(variables('apimServiceName'), '/',variables('apiServiceName'),'/startWorkQueueWorkers')]",
        "dependsOn": [
            "[resourceId('Microsoft.ApiManagement/service/apis', variables('apimServiceName'), variables('apiServiceName'))]"
        ],
        "properties": {
            "displayName": "startWorkQueueWorkers",
            "method": "POST",
            "urlTemplate": "/?soapAction=startWorkQueueWorkers",
            "templateParameters": [],
            "description": null,
            "request": {
                "description": "startWorkQueueWorkers",
                "queryParameters": [],
                "headers": [],
                "representations": [
                    {
                        "contentType": "application/soap+xml",
                        "typeName": "startWorkQueueWorkers"
                    }
                ]
            },
            "responses": [
                {
                    "statusCode": 200,
                    "description": "startWorkQueueWorkersResponse",
                    "representations": [
                        {
                            "contentType": "application/soap+xml",
                            "typeName": "startWorkQueueWorkersResponse"
                        }
                    ],
                    "headers": []
                }
            ],
            "policies": null
        }
    },
    {
        "comments": "Create an API operation - stopPlugin",
        "type": "Microsoft.ApiManagement/service/apis/operations",
        "apiVersion": "2020-06-01-preview",
        "name": "[concat(variables('apimServiceName'), '/',variables('apiServiceName'),'/stopPlugin')]",
        "dependsOn": [
            "[resourceId('Microsoft.ApiManagement/service/apis', variables('apimServiceName'), variables('apiServiceName'))]"
        ],
        "properties": {
            "displayName": "stopPlugin",
            "method": "POST",
            "urlTemplate": "/?soapAction=stopPlugin",
            "templateParameters": [],
            "description": null,
            "request": {
                "description": "stopPlugin",
                "queryParameters": [],
                "headers": [],
                "representations": [
                    {
                        "contentType": "application/soap+xml",
                        "typeName": "stopPlugin"
                    }
                ]
            },
            "responses": [
                {
                    "statusCode": 200,
                    "description": "stopPluginResponse",
                    "representations": [
                        {
                            "contentType": "application/soap+xml",
                            "typeName": "stopPluginResponse"
                        }
                    ],
                    "headers": []
                }
            ],
            "policies": null
        }
    },
    {
        "comments": "Create an API operation - stopPluginWithTimeout",
        "type": "Microsoft.ApiManagement/service/apis/operations",
        "apiVersion": "2020-06-01-preview",
        "name": "[concat(variables('apimServiceName'), '/',variables('apiServiceName'),'/stopPluginWithTimeout')]",
        "dependsOn": [
            "[resourceId('Microsoft.ApiManagement/service/apis', variables('apimServiceName'), variables('apiServiceName'))]"
        ],
        "properties": {
            "displayName": "stopPluginWithTimeout",
            "method": "POST",
            "urlTemplate": "/?soapAction=stopPluginWithTimeout",
            "templateParameters": [],
            "description": null,
            "request": {
                "description": "stopPluginWithTimeout",
                "queryParameters": [],
                "headers": [],
                "representations": [
                    {
                        "contentType": "application/soap+xml",
                        "typeName": "stopPluginWithTimeout"
                    }
                ]
            },
            "responses": [
                {
                    "statusCode": 200,
                    "description": "stopPluginWithTimeoutResponse",
                    "representations": [
                        {
                            "contentType": "application/soap+xml",
                            "typeName": "stopPluginWithTimeoutResponse"
                        }
                    ],
                    "headers": []
                }
            ],
            "policies": null
        }
    },
    {
        "comments": "Create an API operation - stopWorkQueueWorkers",
        "type": "Microsoft.ApiManagement/service/apis/operations",
        "apiVersion": "2020-06-01-preview",
        "name": "[concat(variables('apimServiceName'), '/',variables('apiServiceName'),'/stopWorkQueueWorkers')]",
        "dependsOn": [
            "[resourceId('Microsoft.ApiManagement/service/apis', variables('apimServiceName'), variables('apiServiceName'))]"
        ],
        "properties": {
            "displayName": "stopWorkQueueWorkers",
            "method": "POST",
            "urlTemplate": "/?soapAction=stopWorkQueueWorkers",
            "templateParameters": [],
            "description": null,
            "request": {
                "description": "stopWorkQueueWorkers",
                "queryParameters": [],
                "headers": [],
                "representations": [
                    {
                        "contentType": "application/soap+xml",
                        "typeName": "stopWorkQueueWorkers"
                    }
                ]
            },
            "responses": [
                {
                    "statusCode": 200,
                    "description": "stopWorkQueueWorkersResponse",
                    "representations": [
                        {
                            "contentType": "application/soap+xml",
                            "typeName": "stopWorkQueueWorkersResponse"
                        }
                    ],
                    "headers": []
                }
            ],
            "policies": null
        }
    },
    {
        "comments": "Create an API operation - waitOnActiveWorkItems",
        "type": "Microsoft.ApiManagement/service/apis/operations",
        "apiVersion": "2020-06-01-preview",
        "name": "[concat(variables('apimServiceName'), '/',variables('apiServiceName'),'/waitOnActiveWorkItems')]",
        "dependsOn": [
            "[resourceId('Microsoft.ApiManagement/service/apis', variables('apimServiceName'), variables('apiServiceName'))]"
        ],
        "properties": {
            "displayName": "waitOnActiveWorkItems",
            "method": "POST",
            "urlTemplate": "/?soapAction=waitOnActiveWorkItems",
            "templateParameters": [],
            "description": null,
            "request": {
                "description": "waitOnActiveWorkItems",
                "queryParameters": [],
                "headers": [],
                "representations": [
                    {
                        "contentType": "application/soap+xml",
                        "typeName": "waitOnActiveWorkItems"
                    }
                ]
            },
            "responses": [
                {
                    "statusCode": 200,
                    "description": "waitOnActiveWorkItemsResponse",
                    "representations": [
                        {
                            "contentType": "application/soap+xml",
                            "typeName": "waitOnActiveWorkItemsResponse"
                        }
                    ],
                    "headers": []
                }
            ],
            "policies": null
        }
    }

  ],
  "outputs": {}
}
